{"cameraMode":{"drawMode":0,"name":"Shaded","section":"Shading Mode"},"sceneLighting":true,"audioPlay":false,"sceneViewState":{"showFog":true,"showMaterialUpdate":false,"showSkybox":true,"showFlares":true,"showImageEffects":true,"showParticleSystems":true},"in2DMode":false,"pivot":{"x":-16.585344314575197,"y":-3.9329071044921877,"z":18.65102767944336},"rotation":{"x":0.11948946118354798,"y":-0.7083902359008789,"z":0.12365066260099411,"w":0.6845592856407166},"size":10.0,"orthographic":false}